<?xml version="1.0"?>
<config>
    <acl>
        <resources>
            <admin>
                <children>
                    <system>
                        <children>
                            <config>
                                <children>
                                    <protection translate="title" module="protection">
                                        <title>Vesta Protection</title>
                                        <sort_order>10</sort_order>
                                    </protection>
                                </children>
                            </config>
                        </children>
                    </system>
                </children>
            </admin>
        </resources>
    </acl>
</config>