<?xml version="1.0"?>
<config xmlns:xsi="http://www.w3.org/2001/XMLSchema-instance" xsi:noNamespaceSchemaLocation="../../../../Magento/Config/etc/system_file.xsd">
    <system>
        <tab id="protection" translate="label" sortOrder="1000" >
            <label>Vesta Protection</label>
        </tab>
        <section id="protection" translate="label" type="text" sortOrder="20" showInDefault="1" showInWebsite="1" showInStore="1">
            <class>separator-top</class>
            <label>Settings</label>
            <tab>protection</tab>
            <resource>Vesta_Protection::Vesta_Protection</resource>
            <group id="active_display" translate="label" type="text" sortOrder="20" showInDefault="1" showInWebsite="1" showInStore="1">
                <label>Vesta Protection</label>
                <field id="active" translate="label" type="select" sortOrder="1" showInDefault="1" showInWebsite="1" showInStore="1">
                    <label>Enable</label>
                    <source_model>Magento\Config\Model\Config\Source\Yesno</source_model>
                </field>
                <field id="api_key" translate="label" type="text" sortOrder="2" showInDefault="1" showInWebsite="1" showInStore="1">
                    <label>API Key</label>
                </field>
                <field id="review_status" translate="label" type="select" sortOrder="3" showInDefault="1" showInWebsite="1" showInStore="1">
                    <label>When receive Review status, change order status to</label>
                    <source_model>Magento\Sales\Model\Config\Source\Order\Status</source_model>
                </field>
                <field id="reject_status" translate="label" type="select" sortOrder="4" showInDefault="1" showInWebsite="1" showInStore="1">
                    <label>When receive Reject status, change order status to</label>
                    <source_model>Magento\Sales\Model\Config\Source\Order\Status</source_model>
                </field>
            </group>
        </section>
    </system>
</config>