<?xml version="1.0"?>

<config xmlns:xsi="http://www.w3.org/2001/XMLSchema-instance" xsi:noNamespaceSchemaLocation="urn:magento:framework:Acl/etc/acl.xsd">
    <acl>
        <resources>
            <resource id="Magento_Backend::admin">  
                <resource id="Vesta_Protection::protection" title="Vesta Protection" sortOrder="10">
                    <resource id="Vesta_Protection::protection_protection" title="Vesta Protection" sortOrder="10"> 	        	       
                    </resource>
                    <resource id="Vesta_Protection::settings" title="Settings" sortOrder="20" />
                </resource>
            </resource>
	        
        </resources>
    </acl>
</config>