<?xml version="1.0"?>
<config xmlns:xsi="http://www.w3.org/2001/XMLSchema-instance" xsi:noNamespaceSchemaLocation="/../../../../../lib/internal/Magento/Framework/ObjectManager/etc/config.xsd">
    <virtualType name="Magento\Sales\Model\ResourceModel\Order\Grid" type="Magento\Sales\Model\ResourceModel\Grid">
        <arguments>
            <argument name="columns" xsi:type="array">
                <item name="protection_response" xsi:type="string">sales_order.protection_response</item>
            </argument>
        </arguments>
    </virtualType>
</config>